{"player":{"sx":0,"sy":0,"cols":25,"tilew":75,"tileh":100,"frames":50},
"otherPlayer":{"sx":0,"sy":0,"cols":25,"tilew":75,"tileh":100,"frames":50},
"enemy":{"sx":0,"sy":550,"cols":25,"tilew":75,"tileh":110,"frames":25},
"playerBullet":{"sx":0,"sy":230,"cols":5,"tilew":18,"tileh":20,"frames":5},
"life":{"sx":16,"sy":210,"cols":1,"tilew":20,"tileh":18,"frames":1},
"enemyBullet":{"sx":35,"sy":210,"cols":1,"tilew":18,"tileh":20,"frames":1},
"specialGun":{"sx":100,"sy":480,"cols":1,"tilew":50,"tileh":50,"frames":1},
"specialSpeed":{"sx":50,"sy":480,"cols":1,"tilew":50,"tileh":50,"frames":1},
"specialInvincibility":{"sx":156,"sy":480,"cols":1,"tilew":50,"tileh":50,"frames":1},
"specialInvisibility":{"sx":200,"sy":480,"cols":1,"tilew":50,"tileh":50,"frames":1},
"key":{"sx":0,"sy":480,"cols":1,"tilew":50,"tileh":40,"frames":1},
"specialBullet":{"sx":68,"sy":210,"cols":5,"tilew":18,"tileh":20,"frames":5},
"tree1":{"sx":0,"sy":250,"cols":1,"tilew":230,"tileh":230,"frames":1},
"tree2":{"sx":230,"sy":250,"cols":1,"tilew":230,"tileh":230,"frames":1},
"horizontalDoor":{"sx":0,"sy":1300,"cols":1,"tilew":224,"tileh":32,"frames":1},
"verticalDoor":{"sx":0,"sy":1332,"cols":1,"tilew":32,"tileh":224,"frames":1},
"explosion":{"sx":0,"sy":1700,"cols":6,"tilew":300,"tileh":300,"frames":6}}
